company_name,industry,headquarters,annual_revenue,employee_count,founded_year,primary_market,key_strengths,funding_status
TechInnovate Solutions,Enterprise Software,San Francisco CA,1250000000,2850,2012,B2B Technology,Cloud Integration & AI,Public
Public Global Cloud Systems,Cloud Services,Seattle WA,890000000,1950,2009,Enterprise IT,Hybrid Cloud Solutions,Public
DataDrive Analytics,Big Data,Boston MA,620000000,1200,2015,Data Science,Predictive Analytics,Series C
SecureNet Technologies,Cybersecurity,Austin TX,450000000,850,2016,Enterprise security,AI-Driven Threat Detection,Series B
AIFrontier Research,Artificial Intelligence,Palo Alto CA,350000000,650,2018,AI/Machine Learning,Generative AI Platforms,Series A
CyberShield Solutions,Network Security,Chicago IL,280000000,550,2017,Cybersecurity,Zero Trust Architecture,Series B
IntelligentCloud Inc,Cloud Computing,New York NY,420000000,780,2014,Enterprise Cloud,Multi-Cloud Management,Public
QuantumAnalytics,Data Analytics,Washington DC,210000000,420,2019,Government & Enterprise,Quantum Computing Analytics,Series C
NexusAI Technologies,Machine Learning,Austin TX,190000000,350,2020,AI Research,Advanced ML Models,Seed Round
SecureData Systems,Data Protection,San Jose CA,175000000,300,2016,Enterprise Data,Encryption & Compliance,Series A
